{
    "name": "root",
    "metadata": {
        "timer_format_version": "0.1.0",
        "start_time_seconds": "1740682334",
        "python_version": "3.10.11 (tags/v3.10.11:7d4cc5a, Apr  5 2023, 00:38:17) [MSC v.1929 64 bit (AMD64)]",
        "command_line_arguments": "C:\\Users\\kyssa\\AppData\\Local\\Programs\\Python\\Python310\\Scripts\\mlagents-learn config.yaml --run-id=Run4",
        "mlagents_version": "1.1.0",
        "mlagents_envs_version": "1.1.0",
        "communication_protocol_version": "1.5.0",
        "pytorch_version": "2.6.0+cpu",
        "numpy_version": "1.23.5",
        "end_time_seconds": "1740682478"
    },
    "total": 144.56180880009197,
    "count": 1,
    "self": 0.014223400270566344,
    "children": {
        "run_training.setup": {
            "total": 0.174453399842605,
            "count": 1,
            "self": 0.174453399842605
        },
        "TrainerController.start_learning": {
            "total": 144.3731319999788,
            "count": 1,
            "self": 0.0002679999452084303,
            "children": {
                "TrainerController._reset_env": {
                    "total": 19.164883099962026,
                    "count": 1,
                    "self": 19.164883099962026
                },
                "TrainerController.advance": {
                    "total": 124.81949510006234,
                    "count": 1,
                    "self": 2.9999995604157448e-05,
                    "children": {
                        "env_step": {
                            "total": 124.81946510006674,
                            "count": 1,
                            "self": 124.81945500010625,
                            "children": {
                                "SubprocessEnvManager._take_step": {
                                    "total": 1.009996049106121e-05,
                                    "count": 1,
                                    "self": 1.009996049106121e-05
                                }
                            }
                        }
                    }
                },
                "TrainerController._save_models": {
                    "total": 0.38848580000922084,
                    "count": 1,
                    "self": 0.04366689990274608,
                    "children": {
                        "RLTrainer._checkpoint": {
                            "total": 0.34481890010647476,
                            "count": 1,
                            "self": 0.34481890010647476
                        }
                    }
                }
            }
        }
    }
}