{
    "name": "root",
    "metadata": {
        "timer_format_version": "0.1.0",
        "start_time_seconds": "1740680114",
        "python_version": "3.10.11 (tags/v3.10.11:7d4cc5a, Apr  5 2023, 00:38:17) [MSC v.1929 64 bit (AMD64)]",
        "command_line_arguments": "C:\\Users\\kyssa\\AppData\\Local\\Programs\\Python\\Python310\\Scripts\\mlagents-learn config.yaml --run-id=Run2",
        "mlagents_version": "1.1.0",
        "mlagents_envs_version": "1.1.0",
        "communication_protocol_version": "1.5.0",
        "pytorch_version": "2.6.0+cpu",
        "numpy_version": "1.23.5",
        "end_time_seconds": "1740680266"
    },
    "total": 151.60825349995866,
    "count": 1,
    "self": 0.017724000150337815,
    "children": {
        "run_training.setup": {
            "total": 0.1348218999337405,
            "count": 1,
            "self": 0.1348218999337405
        },
        "TrainerController.start_learning": {
            "total": 151.4557075998746,
            "count": 1,
            "self": 0.00022200006060302258,
            "children": {
                "TrainerController._reset_env": {
                    "total": 24.19055729988031,
                    "count": 1,
                    "self": 24.19055729988031
                },
                "TrainerController.advance": {
                    "total": 126.5435081999749,
                    "count": 1,
                    "self": 2.1300045773386955e-05,
                    "children": {
                        "env_step": {
                            "total": 126.54348689992912,
                            "count": 1,
                            "self": 126.54347699973732,
                            "children": {
                                "SubprocessEnvManager._take_step": {
                                    "total": 9.90019179880619e-06,
                                    "count": 1,
                                    "self": 9.90019179880619e-06
                                }
                            }
                        }
                    }
                },
                "TrainerController._save_models": {
                    "total": 0.7214200999587774,
                    "count": 1,
                    "self": 0.043630799977108836,
                    "children": {
                        "RLTrainer._checkpoint": {
                            "total": 0.6777892999816686,
                            "count": 1,
                            "self": 0.6777892999816686
                        }
                    }
                }
            }
        }
    }
}