{
    "name": "root",
    "metadata": {
        "timer_format_version": "0.1.0",
        "start_time_seconds": "1740738050",
        "python_version": "3.10.11 (tags/v3.10.11:7d4cc5a, Apr  5 2023, 00:38:17) [MSC v.1929 64 bit (AMD64)]",
        "command_line_arguments": "C:\\Users\\kyssa\\AppData\\Local\\Programs\\Python\\Python310\\Scripts\\mlagents-learn config.yaml --run-id=Run8",
        "mlagents_version": "1.1.0",
        "mlagents_envs_version": "1.1.0",
        "communication_protocol_version": "1.5.0",
        "pytorch_version": "2.6.0+cpu",
        "numpy_version": "1.23.5",
        "end_time_seconds": "1740738362"
    },
    "total": 311.98696439992636,
    "count": 1,
    "self": 0.010733000235632062,
    "children": {
        "run_training.setup": {
            "total": 0.12856949982233346,
            "count": 1,
            "self": 0.12856949982233346
        },
        "TrainerController.start_learning": {
            "total": 311.8476618998684,
            "count": 1,
            "self": 0.0002485997974872589,
            "children": {
                "TrainerController._reset_env": {
                    "total": 37.85374750010669,
                    "count": 1,
                    "self": 37.85374750010669
                },
                "TrainerController.advance": {
                    "total": 273.5922010000795,
                    "count": 1,
                    "self": 2.4800188839435577e-05,
                    "children": {
                        "env_step": {
                            "total": 273.5921761998907,
                            "count": 1,
                            "self": 273.5921672999393,
                            "children": {
                                "SubprocessEnvManager._take_step": {
                                    "total": 8.899951353669167e-06,
                                    "count": 1,
                                    "self": 8.899951353669167e-06
                                }
                            }
                        }
                    }
                },
                "TrainerController._save_models": {
                    "total": 0.40146479988470674,
                    "count": 1,
                    "self": 0.02540530008263886,
                    "children": {
                        "RLTrainer._checkpoint": {
                            "total": 0.3760594998020679,
                            "count": 1,
                            "self": 0.3760594998020679
                        }
                    }
                }
            }
        }
    }
}