{
    "name": "root",
    "metadata": {
        "timer_format_version": "0.1.0",
        "start_time_seconds": "1740736714",
        "python_version": "3.10.11 (tags/v3.10.11:7d4cc5a, Apr  5 2023, 00:38:17) [MSC v.1929 64 bit (AMD64)]",
        "command_line_arguments": "C:\\Users\\kyssa\\AppData\\Local\\Programs\\Python\\Python310\\Scripts\\mlagents-learn config.yaml --run-id=Run5",
        "mlagents_version": "1.1.0",
        "mlagents_envs_version": "1.1.0",
        "communication_protocol_version": "1.5.0",
        "pytorch_version": "2.6.0+cpu",
        "numpy_version": "1.23.5",
        "end_time_seconds": "1740736875"
    },
    "total": 160.73004499985836,
    "count": 1,
    "self": 0.018315899884328246,
    "children": {
        "run_training.setup": {
            "total": 0.21903300005942583,
            "count": 1,
            "self": 0.21903300005942583
        },
        "TrainerController.start_learning": {
            "total": 160.4926960999146,
            "count": 1,
            "self": 0.00043729995377361774,
            "children": {
                "TrainerController._reset_env": {
                    "total": 30.847788400016725,
                    "count": 1,
                    "self": 30.847788400016725
                },
                "TrainerController.advance": {
                    "total": 128.99113300000317,
                    "count": 1,
                    "self": 2.5300076231360435e-05,
                    "children": {
                        "env_step": {
                            "total": 128.99110769992694,
                            "count": 1,
                            "self": 128.99108669976704,
                            "children": {
                                "SubprocessEnvManager._take_step": {
                                    "total": 2.100015990436077e-05,
                                    "count": 1,
                                    "self": 2.100015990436077e-05
                                }
                            }
                        }
                    }
                },
                "TrainerController._save_models": {
                    "total": 0.6533373999409378,
                    "count": 1,
                    "self": 0.05364579986780882,
                    "children": {
                        "RLTrainer._checkpoint": {
                            "total": 0.5996916000731289,
                            "count": 1,
                            "self": 0.5996916000731289
                        }
                    }
                }
            }
        }
    }
}