{
    "name": "root",
    "metadata": {
        "timer_format_version": "0.1.0",
        "start_time_seconds": "1740737888",
        "python_version": "3.10.11 (tags/v3.10.11:7d4cc5a, Apr  5 2023, 00:38:17) [MSC v.1929 64 bit (AMD64)]",
        "command_line_arguments": "C:\\Users\\kyssa\\AppData\\Local\\Programs\\Python\\Python310\\Scripts\\mlagents-learn config.yaml --run-id=Run7",
        "mlagents_version": "1.1.0",
        "mlagents_envs_version": "1.1.0",
        "communication_protocol_version": "1.5.0",
        "pytorch_version": "2.6.0+cpu",
        "numpy_version": "1.23.5",
        "end_time_seconds": "1740738033"
    },
    "total": 144.48637319984846,
    "count": 1,
    "self": 0.0117294997908175,
    "children": {
        "run_training.setup": {
            "total": 0.18380470015108585,
            "count": 1,
            "self": 0.18380470015108585
        },
        "TrainerController.start_learning": {
            "total": 144.29083899990655,
            "count": 1,
            "self": 0.000274099875241518,
            "children": {
                "TrainerController._reset_env": {
                    "total": 24.600469100056216,
                    "count": 1,
                    "self": 24.600469100056216
                },
                "TrainerController.advance": {
                    "total": 119.46178889996372,
                    "count": 1,
                    "self": 1.7799902707338333e-05,
                    "children": {
                        "env_step": {
                            "total": 119.46177110006101,
                            "count": 1,
                            "self": 119.46176189999096,
                            "children": {
                                "SubprocessEnvManager._take_step": {
                                    "total": 9.200070053339005e-06,
                                    "count": 1,
                                    "self": 9.200070053339005e-06
                                }
                            }
                        }
                    }
                },
                "TrainerController._save_models": {
                    "total": 0.22830690001137555,
                    "count": 1,
                    "self": 0.030834399862214923,
                    "children": {
                        "RLTrainer._checkpoint": {
                            "total": 0.19747250014916062,
                            "count": 1,
                            "self": 0.19747250014916062
                        }
                    }
                }
            }
        }
    }
}